url,name,position,college,height,weight,Year,BAMScore,Year2,BAMScore2
https://www.sports-reference.com/cbb/players/solomon-alabi-1.html,Solomon Alabi,Center,Florida State,7-1,251lb,2010,1718,,
https://www.sports-reference.com/cbb/players/tiny-gallon-1.html,Tiny Gallon,Forward,Oklahoma,6-9,300lb,2010,1751,,
https://www.sports-reference.com/cbb/players/dedric-lawson-1.html,Dedric Lawson,Forward,Memphis and Kansas,6-9,235lb,2016,1799,,
https://www.sports-reference.com/cbb/players/caleb-swanigan-1.html,Caleb Swanigan,Forward,Purdue,6-9,260lb,2016,1864,,
https://www.sports-reference.com/cbb/players/jared-sullinger-1.html,Jared Sullinger,Forward,Ohio State,6-9,265lb,2012,1867,,
https://www.sports-reference.com/cbb/players/derrick-caracter-1.html,Derrick Caracter,Forward,Louisville and UTEP,6-9,275lb,2010,1876,,
https://www.sports-reference.com/cbb/players/nikola-vucevic-1.html,Nikola Vucevic,Forward,USC,6-10,220lb,2011,1881,,
https://www.sports-reference.com/cbb/players/alan-williams-2.html,Alan Williams,Center,UCSB,6-8,265lb,2015,1883,,
https://www.sports-reference.com/cbb/players/henry-sims-1.html,Henry Sims,Center,Georgetown,6-10,245lb,2012,1891,,
https://www.sports-reference.com/cbb/players/kennedy-meeks-1.html,Kennedy Meeks,Forward,UNC,6-9,290lb,2017,1893,,
https://www.sports-reference.com/cbb/players/omer-yurtseven-1.html,Omer Yurtseven,Center,NC State and Georgetown,7-0,264lb,2017,1894,,
https://www.sports-reference.com/cbb/players/austin-daye-1.html,Austin Daye,Forward,Gonzaga,6-11,200lb,2009,1898,,
https://www.sports-reference.com/cbb/players/jordan-williams-1.html,Jordan Williams,Forward,Maryland,6-10,260lb,2011,1901,,
https://www.sports-reference.com/cbb/players/robert-carter-1.html,Robert Carter,Forward,Georgia Tech and Maryland,6-9,240lb,2016,1912,,
https://www.sports-reference.com/cbb/players/laquinton-ross-1.html,LaQuinton Ross,Forward,Ohio State,6-8,220lb,2014,1917,,
https://www.sports-reference.com/cbb/players/jeff-withey-1.html,Jeff Withey,Center,Kansas,7-0,235lb,2013,1920,,
https://www.sports-reference.com/cbb/players/deshaun-thomas-1.html,Deshaun Thomas,Forward,Ohio State,6-7,215lb,2013,1921,,
https://www.sports-reference.com/cbb/players/jordan-crawford-1.html,Jordan Crawford,Guard,Indiana and Xavier,6-4,195lb,2010,1921,,
https://www.sports-reference.com/cbb/players/artsiom-parakhouski-1.html,Artsiom Parakhouski,Center,Radford,6-11,260lb,2010,1924,,
https://www.sports-reference.com/cbb/players/demarcus-cousins-1.html,DeMarcus Cousins,Forward,Kentucky,6-11,270lb,2010,1928,,
https://www.sports-reference.com/cbb/players/ike-anigbogu-1.html,Ike Anigbogu,Forward,UCLA,6-10,250lb,2017,1928,,
https://www.sports-reference.com/cbb/players/daniel-hamilton-1.html,Daniel Hamilton,Guard,UConn,6-7,190lb,2016,1929,,
https://www.sports-reference.com/cbb/players/jamie-skeen-1.html,Jamie Skeen,Forward,Wake Forest and VCU,6-9,240lb,2011,1934,,
https://www.sports-reference.com/cbb/players/cole-aldrich-1.html,Cole Aldrich,Center,Kansas,6-11,245lb,2010,1939,,
https://www.sports-reference.com/cbb/players/luke-harangody-1.html,Luke Harangody,Forward,Notre Dame,6-8,246lb,2010,1940,,
https://www.sports-reference.com/cbb/players/udoka-azubuike-1.html,Udoka Azubuike,Center,Kansas,7-0,270lb,2018,1940,,
https://www.sports-reference.com/cbb/players/daniel-orton-1.html,Daniel Orton,Forward,Kentucky,6-11,255lb,2010,1941,,
https://www.sports-reference.com/cbb/players/justin-patton-1.html,Justin Patton,Center,Creighton,6-11,215lb,2017,1944,,
https://www.sports-reference.com/cbb/players/larry-sanders-1.html,Larry Sanders,Forward,VCU,6-10,235lb,2010,1946,,
https://www.sports-reference.com/cbb/players/dakari-johnson-1.html,Dakari Johnson,Center,Kentucky,7-0,255lb,2015,1949,,
https://www.sports-reference.com/cbb/players/moritz-wagner-1.html,Moritz Wagner,Forward,Michigan,6-10,210lb,2017,1953,2018,2109
https://www.sports-reference.com/cbb/players/sviatoslav-mykhailiuk-1.html,Sviatoslav Mykhailiuk,Guard,Kansas,6-8,195lb,2017,1953,2018,2153
https://www.sports-reference.com/cbb/players/greg-monroe-1.html,Greg Monroe,Center,Georgetown,6-11,247lb,2010,1954,,
https://www.sports-reference.com/cbb/players/diamond-stone-1.html,Diamond Stone,Center,Maryland,6-11,255lb,2016,1955,,
https://www.sports-reference.com/cbb/players/andrew-nicholson-1.html,Andrew Nicholson,Forward,St. Bonaventure,6-9,240lb,2012,1957,,
https://www.sports-reference.com/cbb/players/jordan-adams-1.html,Jordan Adams,Guard,UCLA,6-5,220lb,2014,1958,,
https://www.sports-reference.com/cbb/players/jcovan-brown-1.html,J'Covan Brown,Guard,Texas,6-1,197lb,2012,1960,,
https://www.sports-reference.com/cbb/players/dewayne-dedmon-1.html,Dewayne Dedmon,Forward,USC,7-0,255lb,2013,1961,,
https://www.sports-reference.com/cbb/players/quinn-cook-1.html,Quinn Cook,Guard,Duke,6-2,185lb,2015,1961,,
https://www.sports-reference.com/cbb/players/fab-melo-1.html,Fab Melo,Center,Syracuse,7-0,244lb,2012,1962,,
https://www.sports-reference.com/cbb/players/chinanu-onuaku-1.html,Chinanu Onuaku,Forward,Louisville,6-10,230lb,2016,1967,,
https://www.sports-reference.com/cbb/players/jordan-hamilton-2.html,Jordan Hamilton,Guard,Texas,6-7,220lb,2011,1967,,
https://www.sports-reference.com/cbb/players/tobias-harris-1.html,Tobias Harris,Forward,Tennessee,6-8,226lb,2011,1968,,
https://www.sports-reference.com/cbb/players/bobby-portis-1.html,Bobby Portis,Forward,Arkansas,6-11,242lb,2015,1972,,
https://www.sports-reference.com/cbb/players/trey-thompkins-1.html,Trey Thompkins,Forward,Georgia,6-10,245lb,2011,1972,,
https://www.sports-reference.com/cbb/players/stephen-zimmermanjr-1.html,Stephen Zimmerman Jr.,Forward,UNLV,7-0,240lb,2016,1975,,
https://www.sports-reference.com/cbb/players/alize-johnson-1.html,Alize Johnson,Forward,Missouri State,6-9,201lb,2018,1978,,
https://www.sports-reference.com/cbb/players/erik-murphy-1.html,Erik Murphy,Forward,Florida,6-10,238lb,2013,1978,,
https://www.sports-reference.com/cbb/players/austin-wiley-1.html,Austin Wiley,Center,Auburn,6-11,260lb,2018,1980,,
https://www.sports-reference.com/cbb/players/devin-ebanks-1.html,Devin Ebanks,Forward,West Virginia,6-9,215lb,2010,1980,,
https://www.sports-reference.com/cbb/players/kevin-jones-5.html,Kevin Jones,Forward,West Virginia,6-8,260lb,2012,1980,,
https://www.sports-reference.com/cbb/players/tony-bradley-1.html,Tony Bradley,Forward,UNC,6-10,240lb,2017,1981,,
https://www.sports-reference.com/cbb/players/branden-dawson-1.html,Branden Dawson,Forward,Michigan State,6-6,225lb,2015,1982,,
https://www.sports-reference.com/cbb/players/ivan-rabb-1.html,Ivan Rabb,Forward,California,6-11,220lb,2017,1982,,
https://www.sports-reference.com/cbb/players/andy-rautins-1.html,Andy Rautins,Guard,Syracuse,6-5,195lb,2010,1986,,
https://www.sports-reference.com/cbb/players/greivis-vasquez-1.html,Greivis Vasquez,Guard,Maryland,6-6,200lb,2010,1986,,
https://www.sports-reference.com/cbb/players/terrence-jones-1.html,Terrence Jones,Forward,Kentucky,6-9,252lb,2012,1986,,
https://www.sports-reference.com/cbb/players/hassan-whiteside-1.html,Hassan Whiteside,Center,Marshall,7-0,235lb,2010,1988,,
https://www.sports-reference.com/cbb/players/georges-niang-1.html,Georges Niang,Forward,Iowa State,6-8,230lb,2016,1993,,
https://www.sports-reference.com/cbb/players/markieff-morris-1.html,Markieff Morris,Center,Kansas,6-10,245lb,2011,1993,,
https://www.sports-reference.com/cbb/players/tashawn-thomas-1.html,TaShawn Thomas,Forward,Houston and Oklahoma,6-8,240lb,2015,1994,,
https://www.sports-reference.com/cbb/players/alex-kirk-2.html,Alex Kirk,Center,New Mexico,7-0,245lb,2014,1996,,
https://www.sports-reference.com/cbb/players/greg-smith-3.html,Greg Smith,Center,Fresno State,6-10,250lb,2011,1996,,
https://www.sports-reference.com/cbb/players/tony-carr-1.html,Tony Carr,Guard,Penn State,6-5,204lb,2018,1996,,
https://www.sports-reference.com/cbb/players/willie-warren-1.html,Willie Warren,Guard,Oklahoma,6-4,199lb,2010,1996,,
https://www.sports-reference.com/cbb/players/taj-gibson-1.html,Taj Gibson,Forward,USC,6-9,225lb,2009,1999,,
https://www.sports-reference.com/cbb/players/bernard-james--1.html,Bernard James,Forward,Florida State,6-10,240lb,2012,2000,,
https://www.sports-reference.com/cbb/players/jamel-artis-1.html,Jamel Artis,Forward,Pitt,6-7,220lb,2017,2000,,
https://www.sports-reference.com/cbb/players/omari-spellman-1.html,Omari Spellman,Forward,Villanova,6-9,260lb,2018,2001,,
https://www.sports-reference.com/cbb/players/jabari-brown-1.html,Jabari Brown,Guard,Oregon and Missouri,6-5,214lb,2014,2002,,
https://www.sports-reference.com/cbb/players/kostas-antetokounmpo-1.html,Kostas Antetokounmpo,Forward,Dayton,6-10,190lb,2018,2003,,
https://www.sports-reference.com/cbb/players/devin-robinson-1.html,Devin Robinson,Forward,Florida,6-8,178lb,2017,2004,,
https://www.sports-reference.com/cbb/players/kelly-olynyk-1.html,Kelly Olynyk,Forward,Gonzaga,7-0,238lb,2013,2004,,
https://www.sports-reference.com/cbb/players/robbie-hummel-1.html,Robbie Hummel,Forward,Purdue,6-8,215lb,2012,2005,,
https://www.sports-reference.com/cbb/players/will-barton-1.html,Will Barton,Guard,Memphis,6-6,175lb,2012,2008,,
https://www.sports-reference.com/cbb/players/jontay-porter-1.html,Jontay Porter,Forward,Missouri,6-11,240lb,2018,2009,,
https://www.sports-reference.com/cbb/players/cory-jefferson-1.html,Cory Jefferson,Forward,Baylor,6-9,220lb,2014,2010,,
https://www.sports-reference.com/cbb/players/rakeem-christmas-1.html,Rakeem Christmas,Forward,Syracuse,6-9,250lb,2015,2010,,
https://www.sports-reference.com/cbb/players/isaiah-austin-1.html,Isaiah Austin,Center,Baylor,7-1,225lb,2014,2013,,
https://www.sports-reference.com/cbb/players/monte-morris-1.html,Monte Morris,Guard,Iowa State,6-2,170lb,2017,2013,,
https://www.sports-reference.com/cbb/players/alec-brown-1.html,Alec Brown,Forward,Green Bay,7-1,235lb,2014,2014,,
https://www.sports-reference.com/cbb/players/isaiah-miles-1.html,Isaiah Miles,Forward,St. Joseph's,6-7,225lb,2016,2014,,
https://www.sports-reference.com/cbb/players/khris-middleton-1.html,Khris Middleton,Forward,Texas A&M,6-7,217lb,2012,2014,,
https://www.sports-reference.com/cbb/players/nigel-hayes-1.html,Nigel Hayes,Forward,Wisconsin,6-8,235lb,2016,2016,2017,2077
https://www.sports-reference.com/cbb/players/grant-jerrett-1.html,Grant Jerrett,Forward,Arizona,6-10,235lb,2013,2019,,
https://www.sports-reference.com/cbb/players/colton-iverson-1.html,Colton Iverson,Forward,Minnesota and Colorado State,6-10,261lb,2013,2020,,
https://www.sports-reference.com/cbb/players/john-henson-1.html,John Henson,Forward,UNC,6-11,220lb,2012,2020,,
https://www.sports-reference.com/cbb/players/aj-english-1.html,A.J. English,Guard,Iona,6-4,190lb,2016,2024,,
https://www.sports-reference.com/cbb/players/lorenzo-brown-1.html,Lorenzo Brown,Guard,NC State,6-5,186lb,2013,2026,,
https://www.sports-reference.com/cbb/players/dejuan-blair-1.html,DeJuan Blair,Forward,Pitt,6-7,265lb,2009,2028,,
https://www.sports-reference.com/cbb/players/delon-wright-1.html,Delon Wright,Guard,Utah,6-5,178lb,2015,2028,,
https://www.sports-reference.com/cbb/players/troy-brown-5.html,Troy Brown,Forward,Oregon,6-7,215lb,2018,2028,,
https://www.sports-reference.com/cbb/players/brandon-mccoy-1.html,Brandon McCoy,Forward,UNLV,7-1,250lb,2018,2029,,
https://www.sports-reference.com/cbb/players/charles-garcia-1.html,Charles Garcia,Forward,Seattle,6-10,220lb,2010,2029,,
https://www.sports-reference.com/cbb/players/sagaba-konate-1.html,Sagaba Konate,Forward,West Virginia,6-8,250lb,2018,2030,,
https://www.sports-reference.com/cbb/players/isaiah-hicks-1.html,Isaiah Hicks,Forward,UNC,6-8,230lb,2017,2031,,
https://www.sports-reference.com/cbb/players/kyle-singler-1.html,Kyle Singler,Forward,Duke,6-8,230lb,2011,2031,,
https://www.sports-reference.com/cbb/players/lamar-patterson-1.html,Lamar Patterson,Guard,Pitt,6-5,225lb,2014,2033,,
https://www.sports-reference.com/cbb/players/gani-lawal-1.html,Gani Lawal,Forward,Georgia Tech,6-9,234lb,2010,2034,,
https://www.sports-reference.com/cbb/players/mikhail-torrance-1.html,Mikhail Torrance,Guard,Alabama,6-5,210lb,2010,2034,,
https://www.sports-reference.com/cbb/players/raymond-spalding-1.html,Raymond Spalding,Forward,Louisville,6-10,210lb,2018,2035,,
https://www.sports-reference.com/cbb/players/sherron-collins-1.html,Sherron Collins,Guard,Kansas,5-11,205lb,2010,2035,,
https://www.sports-reference.com/cbb/players/isaiah-whitehead-1.html,Isaiah Whitehead,Guard,Seton Hall,6-4,210lb,2016,2036,,
https://www.sports-reference.com/cbb/players/brandon-davies-1.html,Brandon Davies,Forward,BYU,6-9,235lb,2013,2038,,
https://www.sports-reference.com/cbb/players/kenneth-faried-1.html,Kenneth Faried,Forward,Morehead State,6-8,228lb,2011,2039,,
https://www.sports-reference.com/cbb/players/festus-ezeli-1.html,Festus Ezeli,Center,Vanderbilt,6-11,255lb,2012,2040,,
https://www.sports-reference.com/cbb/players/mike-scott-4.html,Mike Scott,Forward,Virginia,6-8,237lb,2012,2042,,
https://www.sports-reference.com/cbb/players/hollis-thompson-1.html,Hollis Thompson,Forward,Georgetown,6-8,212lb,2012,2045,,
https://www.sports-reference.com/cbb/players/rashad-vaughn-1.html,Rashad Vaughn,Guard,UNLV,6-6,210lb,2015,2045,,
https://www.sports-reference.com/cbb/players/sam-young-1.html,Sam Young,Forward,Pitt,6-6,220lb,2009,2045,,
https://www.sports-reference.com/cbb/players/sindarius-thornwell-1.html,Sindarius Thornwell,Guard,South Carolina,6-5,215lb,2017,2047,,
https://www.sports-reference.com/cbb/players/steven-adams-1.html,Steven Adams,Center,Pitt,7-0,250lb,2013,2047,,
https://www.sports-reference.com/cbb/players/deandre-daniels-1.html,DeAndre Daniels,Forward,UConn,6-9,195lb,2014,2048,,
https://www.sports-reference.com/cbb/players/johnny-obryant-1.html,Johnny O'Bryant,Forward,LSU,6-9,256lb,2014,2048,,
https://www.sports-reference.com/cbb/players/will-clyburn-1.html,Will Clyburn,Guard,Utah and Iowa State,6-7,210lb,2013,2049,,
https://www.sports-reference.com/cbb/players/pj-washington-1.html,PJ Washington,Forward,Kentucky,6-8,228lb,2018,2050,,
https://www.sports-reference.com/cbb/players/jordan-bachynski-1.html,Jordan Bachynski,Center,Arizona State,7-2,248lb,2014,2052,,
https://www.sports-reference.com/cbb/players/jackie-carmichael-1.html,Jackie Carmichael,Forward,Illinois State,6-9,240lb,2013,2053,,
https://www.sports-reference.com/cbb/players/aaron-harrison-1.html,Aaron Harrison,Guard,Kentucky,6-6,212lb,2015,2055,,
https://www.sports-reference.com/cbb/players/brandon-ashley-1.html,Brandon Ashley,Forward,Arizona,6-8,230lb,2015,2055,,
https://www.sports-reference.com/cbb/players/kyle-oquinn-1.html,Kyle O'Quinn,Center,Norfolk State,6-10,240lb,2012,2055,,
https://www.sports-reference.com/cbb/players/peter-jok-1.html,Peter Jok,Guard,Iowa,6-6,200lb,2017,2057,,
https://www.sports-reference.com/cbb/players/thomas-bryant-1.html,Thomas Bryant,Center,Indiana,6-10,245lb,2017,2057,,
https://www.sports-reference.com/cbb/players/cameron-oliver-1.html,Cameron Oliver,Forward,Nevada,6-8,225lb,2017,2058,,
https://www.sports-reference.com/cbb/players/chimezie-metu-1.html,Chimezie Metu,Forward,USC,6-11,215lb,2018,2058,,
https://www.sports-reference.com/cbb/players/jonathan-holmes-2.html,Jonathan Holmes,Forward,Texas,6-8,240lb,2015,2058,,
https://www.sports-reference.com/cbb/players/jaylen-barford-1.html,Jaylen Barford,Guard,Arkansas,6-3,202lb,2018,2059,,
https://www.sports-reference.com/cbb/players/kawhi-leonard-1.html,Kawhi Leonard,Forward,San Diego State,6-7,225lb,2011,2060,,
https://www.sports-reference.com/cbb/players/treveon-graham-1.html,Treveon Graham,Guard,VCU,6-6,220lb,2015,2061,,
https://www.sports-reference.com/cbb/players/marcus-lee-2.html,Marcus Lee,Forward,Kentucky and California,6-9,220lb,2016,2062,,
https://www.sports-reference.com/cbb/players/dwayne-bacon-1.html,Dwayne Bacon,Guard,Florida State,6-7,210lb,2017,2063,,
https://www.sports-reference.com/cbb/players/lacedarius-dunn-1.html,LaceDarius Dunn,Guard,Baylor,6-4,205lb,2011,2063,,
https://www.sports-reference.com/cbb/players/andrew-jones-3.html,Andrew Jones,Guard,Texas,6-4,185lb,2017,2064,,
https://www.sports-reference.com/cbb/players/jarvis-varnado-1.html,Jarvis Varnado,Forward,Mississippi State,6-9,230lb,2010,2064,,
https://www.sports-reference.com/cbb/players/justin-jackson-5.html,Justin Jackson,Forward,Maryland,6-7,225lb,2017,2064,,
https://www.sports-reference.com/cbb/players/kevin-hervey-1.html,Kevin Hervey,Forward,Texas-Arlington,6-7,210lb,2018,2064,,
https://www.sports-reference.com/cbb/players/craig-brackins-1.html,Craig Brackins,Forward,Iowa State,6-10,230lb,2010,2065,,
https://www.sports-reference.com/cbb/players/justin-harper-1.html,Justin Harper,Forward,Richmond,6-10,225lb,2011,2065,,
https://www.sports-reference.com/cbb/players/xavier-thames-1.html,Xavier Thames,Guard,Washington State and San Diego State,6-3,195lb,2014,2065,,
https://www.sports-reference.com/cbb/players/chandler-parsons-1.html,Chandler Parsons,Forward,Florida,6-9,215lb,2011,2066,,
https://www.sports-reference.com/cbb/players/sylven-landesberg-1.html,Sylven Landesberg,Guard,Virginia,6-6,207lb,2010,2066,,
https://www.sports-reference.com/cbb/players/josh-heytvelt-1.html,Josh Heytvelt,Forward,Gonzaga,6-11,260lb,2009,2068,,
https://www.sports-reference.com/cbb/players/rick-jackson-1.html,Rick Jackson,Forward,Syracuse,6-9,240lb,2011,2068,,
https://www.sports-reference.com/cbb/players/eric-mika-2.html,Eric Mika,Forward,BYU,6-10,230lb,2017,2069,,
https://www.sports-reference.com/cbb/players/lance-stephenson-1.html,Lance Stephenson,Forward,Cincinnati,6-5,210lb,2010,2069,,
https://www.sports-reference.com/cbb/players/jeff-adrien-1.html,Jeff Adrien,Forward,UConn,6-7,243lb,2009,2070,,
https://www.sports-reference.com/cbb/players/tyus-jones-1.html,Tyus Jones,Guard,Duke,6-1,190lb,2015,2070,,
https://www.sports-reference.com/cbb/players/jordan-hill-1.html,Jordan Hill,Forward,Arizona,6-10,235lb,2009,2071,,
https://www.sports-reference.com/cbb/players/davon-reed-1.html,Davon Reed,Guard,Miami (FL),6-6,208lb,2017,2073,,
https://www.sports-reference.com/cbb/players/jereme-richmond-1.html,Jereme Richmond,Forward,Illinois,6-7,205lb,2011,2073,,
https://www.sports-reference.com/cbb/players/terran-petteway-1.html,Terran Petteway,Guard,Texas Tech and Nebraska,6-6,209lb,2015,2073,,
https://www.sports-reference.com/cbb/players/tony-mitchell-4.html,Tony Mitchell,Forward,North Texas,6-8,235lb,2013,2073,,
https://www.sports-reference.com/cbb/players/william-buford-1.html,William Buford,Guard,Ohio State,6-6,220lb,2012,2073,,
https://www.sports-reference.com/cbb/players/demetri-mccamey-1.html,Demetri McCamey,Guard,Illinois,6-3,200lb,2011,2074,,
https://www.sports-reference.com/cbb/players/devon-hall-1.html,Devon Hall,Guard,Virginia,6-5,210lb,2018,2074,,
https://www.sports-reference.com/cbb/players/john-collins-1.html,John Collins,Forward,Wake Forest,6-10,218lb,2017,2075,,
https://www.sports-reference.com/cbb/players/mike-muscala-1.html,Mike Muscala,Forward,Bucknell,6-11,234lb,2013,2075,,
https://www.sports-reference.com/cbb/players/sam-dekker-1.html,Sam Dekker,Forward,Wisconsin,6-9,230lb,2015,2075,,
https://www.sports-reference.com/cbb/players/scott-machado-1.html,Scott Machado,Guard,Iona,6-1,180lb,2012,2075,,
https://www.sports-reference.com/cbb/players/tj-leaf-1.html,TJ Leaf,Forward,UCLA,6-10,225lb,2017,2075,,
https://www.sports-reference.com/cbb/players/michael-dunigan-1.html,Michael Dunigan,Center,Oregon,6-10,242lb,2011,2077,,
https://www.sports-reference.com/cbb/players/otto-porter-1.html,Otto Porter,Forward,Georgetown,6-8,205lb,2013,2077,,
https://www.sports-reference.com/cbb/players/deandre-liggins-1.html,DeAndre Liggins,Guard,Kentucky,6-6,210lb,2011,2079,,
https://www.sports-reference.com/cbb/players/denzel-valentine-1.html,Denzel Valentine,Guard,Michigan State,6-5,220lb,2016,2079,,
https://www.sports-reference.com/cbb/players/jawun-evans-1.html,Jawun Evans,Guard,Oklahoma State,6-0,175lb,2017,2079,,
https://www.sports-reference.com/cbb/players/kyle-wiltjer-1.html,Kyle Wiltjer,Forward,Kentucky and Gonzaga,6-10,240lb,2016,2079,,
https://www.sports-reference.com/cbb/players/bj-mullens-1.html,Byron Mullens,Center,Ohio State,7-0,275lb,2009,2081,,
https://www.sports-reference.com/cbb/players/tony-mitchell-3.html,Tony Mitchell,Forward,Alabama,6-6,210lb,2012,2081,,
https://www.sports-reference.com/cbb/players/tyler-zeller-1.html,Tyler Zeller,Forward,UNC,7-0,250lb,2012,2081,,
https://www.sports-reference.com/cbb/players/aaron-holiday-1.html,Aaron Holiday,Guard,UCLA,6-1,185lb,2018,2082,,
https://www.sports-reference.com/cbb/players/anthony-brown-5.html,Anthony Brown,Guard,Stanford,6-6,215lb,2015,2082,,
https://www.sports-reference.com/cbb/players/darington-hobson-1.html,Darington Hobson,Forward,New Mexico,6-7,205lb,2010,2083,,
https://www.sports-reference.com/cbb/players/tyler-lydon-1.html,Tyler Lydon,Forward,Syracuse,6-8,205lb,2017,2083,,
https://www.sports-reference.com/cbb/players/jarnell-stokes-1.html,Jarnell Stokes,Forward,Tennessee,6-8,260lb,2014,2084,,
https://www.sports-reference.com/cbb/players/terrell-holloway-1.html,Tu Holloway,Guard,Xavier,6-0,190lb,2012,2085,,
https://www.sports-reference.com/cbb/players/bruno-fernando-1.html,Bruno Fernando,Forward,Maryland,6-10,240lb,2018,2086,,
https://www.sports-reference.com/cbb/players/derrick-walton-1.html,Derrick Walton,Guard,Michigan,6-0,185lb,2017,2087,,
https://www.sports-reference.com/cbb/players/kj-mcdaniels-1.html,K.J. McDaniels,Forward,Clemson,6-6,200lb,2014,2087,,
https://www.sports-reference.com/cbb/players/richaun-holmes-1.html,Richaun Holmes,Forward,Bowling Green State,6-8,245lb,2015,2088,,
https://www.sports-reference.com/cbb/players/aaron-white-3.html,Aaron White,Forward,Iowa,6-9,228lb,2015,2089,,
https://www.sports-reference.com/cbb/players/jarrod-uthoff-1.html,Jarrod Uthoff,Forward,Iowa,6-9,210lb,2016,2089,,
https://www.sports-reference.com/cbb/players/yante-maten-1.html,Yante Maten,Forward,Georgia,6-8,240lb,2018,2089,,
https://www.sports-reference.com/cbb/players/cheick-diallo-1.html,Cheick Diallo,Forward,Kansas,6-9,218lb,2016,2090,,
https://www.sports-reference.com/cbb/players/theo-pinson-1.html,Theo Pinson,Forward,UNC,6-6,195lb,2018,2090,,
https://www.sports-reference.com/cbb/players/edrice-adebayo-1.html,Bam Adebayo,Forward,Kentucky,6-10,260lb,2017,2091,,
https://www.sports-reference.com/cbb/players/khem-birch-1.html,Khem Birch,Forward,Pitt and UNLV,6-9,220lb,2014,2091,,
https://www.sports-reference.com/cbb/players/drew-gordon-1.html,Drew Gordon,Forward,UCLA and New Mexico,6-9,245lb,2012,2093,,
https://www.sports-reference.com/cbb/players/jae-crowder-1.html,Jae Crowder,Forward,Marquette,6-6,235lb,2012,2093,,
https://www.sports-reference.com/cbb/players/jordan-mcrae-1.html,Jordan McRae,Guard,Tennessee,6-5,200lb,2014,2093,,
https://www.sports-reference.com/cbb/players/semaj-christon-1.html,Semaj Christon,Guard,Xavier,6-3,190lb,2014,2093,,
https://www.sports-reference.com/cbb/players/deanthony-melton-1.html,De'Anthony Melton,Guard,USC,6-4,190lb,2018,2095,,
https://www.sports-reference.com/cbb/players/malcolm-thomas-2.html,Malcolm Thomas,Forward,Pepperdine and San Diego State,6-9,220lb,2011,2096,,
https://www.sports-reference.com/cbb/players/noah-vonleh-1.html,Noah Vonleh,Forward,Indiana,6-10,240lb,2014,2097,,
https://www.sports-reference.com/cbb/players/tyler-honeycutt-1.html,Tyler Honeycutt,Forward,UCLA,6-9,180lb,2011,2097,,
https://www.sports-reference.com/cbb/players/andrew-harrison-1.html,Andrew Harrison,Guard,Kentucky,6-6,210lb,2015,2098,,
https://www.sports-reference.com/cbb/players/austin-rivers-1.html,Austin Rivers,Guard,Duke,6-4,200lb,2012,2099,,
https://www.sports-reference.com/cbb/players/cameron-bairstow-1.html,Cameron Bairstow,Forward,New Mexico,6-9,250lb,2014,2100,,
https://www.sports-reference.com/cbb/players/carsen-edwards-1.html,Carsen Edwards,Guard,Purdue,6-1,200lb,2018,2100,,
https://www.sports-reference.com/cbb/players/josh-hart-1.html,Josh Hart,Guard,Villanova,6-5,205lb,2016,2100,2017,2076
https://www.sports-reference.com/cbb/players/olivier-hanlan-1.html,Olivier Hanlan,Guard,Boston College,6-4,190lb,2015,2100,,
https://www.sports-reference.com/cbb/players/reggie-bullock-2.html,Reggie Bullock,Guard,UNC,6-7,205lb,2013,2100,,
https://www.sports-reference.com/cbb/players/corey-hawkins-1.html,Corey Hawkins,Guard,Arizona State and UC-Davis,6-3,195lb,2015,2101,,
https://www.sports-reference.com/cbb/players/shelvin-mack-1.html,Shelvin Mack,Guard,Butler,6-3,215lb,2011,2102,,
https://www.sports-reference.com/cbb/players/aj-price-1.html,A.J. Price,Guard,UConn,6-2,181lb,2009,2103,,
https://www.sports-reference.com/cbb/players/gary-payton-2.html,Gary Payton,Guard,Oregon State,6-3,175lb,2016,2103,,
https://www.sports-reference.com/cbb/players/quincy-miller-1.html,Quincy Miller,Forward,Baylor,6-9,210lb,2012,2103,,
https://www.sports-reference.com/cbb/players/wesley-iwundu-1.html,Wesley Iwundu,Forward,Kansas State,6-7,205lb,2017,2103,,
https://www.sports-reference.com/cbb/players/demar-derozan-1.html,DeMar DeRozan,Forward,USC,6-7,220lb,2009,2104,,
https://www.sports-reference.com/cbb/players/earl-clark-1.html,Earl Clark,Forward,Louisville,6-9,225lb,2009,2104,,
https://www.sports-reference.com/cbb/players/stanley-robinson-1.html,Stanley Robinson,Forward,UConn,6-9,210lb,2010,2104,,
https://www.sports-reference.com/cbb/players/darius-morris-1.html,Darius Morris,Guard,Michigan,6-4,190lb,2011,2105,,
https://www.sports-reference.com/cbb/players/tyreke-evans-1.html,Tyreke Evans,Guard,Memphis,6-6,219lb,2009,2105,,
https://www.sports-reference.com/cbb/players/archie-goodwin-1.html,Archie Goodwin,Guard,Kentucky,6-5,198lb,2013,2106,,
https://www.sports-reference.com/cbb/players/james-ennis-1.html,James Ennis,Guard,Long Beach State,6-7,210lb,2013,2106,,
https://www.sports-reference.com/cbb/players/marcus-morris-1.html,Marcus Morris,Forward,Kansas,6-9,235lb,2011,2106,,
https://www.sports-reference.com/cbb/players/rodney-hood-1.html,Rodney Hood,Forward,Mississippi State and Duke,6-8,215lb,2014,2106,,
https://www.sports-reference.com/cbb/players/julius-randle-1.html,Julius Randle,Forward,Kentucky,6-9,250lb,2014,2107,,
https://www.sports-reference.com/cbb/players/patric-young-1.html,Patric Young,Center,Florida,6-9,240lb,2014,2107,,
https://www.sports-reference.com/cbb/players/rawle-alkins-1.html,Rawle Alkins,Guard,Arizona,6-5,220lb,2017,2108,2018,2182
https://www.sports-reference.com/cbb/players/trevor-mbakwe-1.html,Trevor Mbakwe,Forward,Marquette and Minnesota,6-8,245lb,2013,2108,,
https://www.sports-reference.com/cbb/players/danny-green-1.html,Danny Green,Forward,UNC,6-5,210lb,2009,2109,,
https://www.sports-reference.com/cbb/players/al-farouq-aminu-1.html,Al-Farouq Aminu,Forward,Wake Forest,6-9,215lb,2010,2110,,
https://www.sports-reference.com/cbb/players/keith-benson-1.html,Keith Benson,Center,Oakland,6-11,230lb,2011,2110,,
https://www.sports-reference.com/cbb/players/klay-thompson-1.html,Klay Thompson,Guard,Washington State,6-6,200lb,2011,2110,,
https://www.sports-reference.com/cbb/players/kris-wilkes-1.html,Kris Wilkes,Guard,UCLA,6-8,215lb,2018,2111,,
https://www.sports-reference.com/cbb/players/jordan-mickey-1.html,Jordan Mickey,Forward,LSU,6-8,235lb,2015,2112,,
https://www.sports-reference.com/cbb/players/tj-mcconnell-1.html,T.J. McConnell,Guard,Duquesne and Arizona,6-1,195lb,2015,2112,,
https://www.sports-reference.com/cbb/players/doron-lamb-1.html,Doron Lamb,Guard,Kentucky,6-4,210lb,2012,2113,,
https://www.sports-reference.com/cbb/players/ed-davis-1.html,Ed Davis,Forward,UNC,6-10,225lb,2010,2113,,
https://www.sports-reference.com/cbb/players/dominique-jones-1.html,Dominique Jones,Guard,South Florida,6-4,205lb,2010,2114,,
https://www.sports-reference.com/cbb/players/harry-giles-1.html,Harry Giles,Forward,Duke,6-10,240lb,2017,2114,,
https://www.sports-reference.com/cbb/players/robert-covington-1.html,Robert Covington,Forward,Tennessee State,6-9,215lb,2013,2114,,
https://www.sports-reference.com/cbb/players/tyler-harvey-1.html,Tyler Harvey,Guard,Eastern Washington,6-4,185lb,2015,2114,,
https://www.sports-reference.com/cbb/players/kenrich-williams-1.html,Kenrich Williams,Forward,TCU,6-7,210lb,2018,2115,,
https://www.sports-reference.com/cbb/players/russ-smith-1.html,Russ Smith,Guard,Louisville,6-0,165lb,2014,2117,,
https://www.sports-reference.com/cbb/players/scotty-hopson-1.html,Scotty Hopson,Guard,Tennessee,6-7,200lb,2011,2117,,
https://www.sports-reference.com/cbb/players/malik-milton-1.html,Shake Milton,Guard,SMU,6-5,195lb,2018,2117,,
https://www.sports-reference.com/cbb/players/terrence-ross-1.html,Terrence Ross,Guard,Washington,6-6,195lb,2012,2117,,
https://www.sports-reference.com/cbb/players/ben-bentil-1.html,Ben Bentil,Forward,Providence,6-8,230lb,2016,2118,,
https://www.sports-reference.com/cbb/players/gordon-hayward-1.html,Gordon Hayward,Forward,Butler,6-8,207lb,2010,2118,,
https://www.sports-reference.com/cbb/players/patrick-patterson-1.html,Patrick Patterson,Forward,Kentucky,6-9,235lb,2010,2118,,
https://www.sports-reference.com/cbb/players/chris-walker-6.html,Chris Walker,Forward,Florida,6-10,220lb,2015,2119,,
https://www.sports-reference.com/cbb/players/meyers-leonard-1.html,Meyers Leonard,Center,Illinois,7-1,245lb,2012,2119,,
https://www.sports-reference.com/cbb/players/bruce-brown-2.html,Bruce Brown,Guard,Miami (FL),6-5,190lb,2018,2121,,
https://www.sports-reference.com/cbb/players/james-anderson-3.html,James Anderson,Guard,Oklahoma State,6-6,210lb,2010,2121,,
https://www.sports-reference.com/cbb/players/michael-frazier-1.html,Michael Frazier,Guard,Florida,6-4,194lb,2015,2121,,
https://www.sports-reference.com/cbb/players/jamychal-green-1.html,JaMychal Green,Forward,Alabama,6-8,240lb,2012,2122,,
https://www.sports-reference.com/cbb/players/roy-devyn-marble-1.html,Roy Devyn Marble,Guard,Iowa,6-6,200lb,2014,2122,,
https://www.sports-reference.com/cbb/players/james-southerland-1.html,James Southerland,Forward,Syracuse,6-8,215lb,2013,2123,,
https://www.sports-reference.com/cbb/players/jarrett-allen-1.html,Jarrett Allen,Forward,Texas,6-11,235lb,2017,2123,,
https://www.sports-reference.com/cbb/players/cj-fair-1.html,C.J. Fair,Forward,Syracuse,6-8,215lb,2014,2124,,
https://www.sports-reference.com/cbb/players/derrick-favors-1.html,Derrick Favors,Forward,Georgia Tech,6-10,246lb,2010,2124,,
https://www.sports-reference.com/cbb/players/ekpe-udoh-1.html,Ekpe Udoh,Center,Michigan and Baylor,6-10,240lb,2010,2124,,
https://www.sports-reference.com/cbb/players/marquese-chriss-1.html,Marquese Chriss,Forward,Washington,6-9,225lb,2016,2124,,
https://www.sports-reference.com/cbb/players/vj-beachem-1.html,V.J. Beachem,Forward,Notre Dame,6-8,200lb,2017,2124,,
https://www.sports-reference.com/cbb/players/doug-mcdermott-1.html,Doug McDermott,Forward,Creighton,6-8,225lb,2014,2125,,
https://www.sports-reference.com/cbb/players/tyler-hansbrough-1.html,Tyler Hansbrough,Forward,UNC,6-9,250lb,2009,2125,,
https://www.sports-reference.com/cbb/players/keita-bates-diop-1.html,Keita Bates-Diop,Forward,Ohio State,6-7,190lb,2018,2126,,
https://www.sports-reference.com/cbb/players/andre-drummond-1.html,Andre Drummond,Center,UConn,6-10,270lb,2012,2127,,
https://www.sports-reference.com/cbb/players/evan-turner-1.html,Evan Turner,Guard,Ohio State,6-7,210lb,2010,2128,,
https://www.sports-reference.com/cbb/players/dillon-brooks-1.html,Dillon Brooks,Forward,Oregon,6-5,205lb,2017,2129,,
https://www.sports-reference.com/cbb/players/james-michael-mcadoo-1.html,James Michael McAdoo,Forward,UNC,6-9,230lb,2014,2129,,
https://www.sports-reference.com/cbb/players/jon-diebler-1.html,Jon Diebler,Guard,Ohio State,6-6,205lb,2011,2129,,
https://www.sports-reference.com/cbb/players/shabazz-napier-1.html,Shabazz Napier,Guard,UConn,6-1,180lb,2014,2129,,
https://www.sports-reference.com/cbb/players/jeff-pendergraph-1.html,Jeff Ayres,Forward,Arizona State,6-10,240lb,2009,2130,,
https://www.sports-reference.com/cbb/players/jaylen-hands-1.html,Jaylen Hands,Guard,UCLA,6-3,180lb,2018,2131,,
https://www.sports-reference.com/cbb/players/etwaun-moore-1.html,E'Twaun Moore,Guard,Purdue,6-4,191lb,2011,2133,,
https://www.sports-reference.com/cbb/players/jeremy-lamb-1.html,Jeremy Lamb,Guard,UConn,6-5,180lb,2012,2133,,
https://www.sports-reference.com/cbb/players/kobi-simmons-1.html,Kobi Simmons,Guard,Arizona,6-5,175lb,2017,2133,,
https://www.sports-reference.com/cbb/players/melvin-ejim-1.html,Melvin Ejim,Forward,Iowa State,6-6,220lb,2014,2133,,
https://www.sports-reference.com/cbb/players/tj-warren-1.html,T.J. Warren,Forward,NC State,6-8,233lb,2014,2133,,
https://www.sports-reference.com/cbb/players/kris-joseph-1.html,Kris Joseph,Forward,Syracuse,6-7,210lb,2012,2134,,
https://www.sports-reference.com/cbb/players/pascal-siakam-1.html,Pascal Siakam,Forward,New Mexico State,6-9,230lb,2016,2134,,
https://www.sports-reference.com/cbb/players/dante-cunningham-1.html,Dante Cunningham,Forward,Villanova,6-9,230lb,2009,2135,,
https://www.sports-reference.com/cbb/players/jacob-evans-1.html,Jacob Evans,Guard,Cincinnati,6-6,210lb,2018,2135,,
https://www.sports-reference.com/cbb/players/michael-kidd-gilchrist-1.html,Michael Kidd-Gilchrist,Forward,Kentucky,6-7,232lb,2012,2135,,
https://www.sports-reference.com/cbb/players/kendall-marshall-1.html,Kendall Marshall,Guard,UNC,6-4,195lb,2012,2138,,
https://www.sports-reference.com/cbb/players/malik-newman-1.html,Malik Newman,Guard,Mississippi State and Kansas,6-3,178lb,2016,2138,2018,2144
https://www.sports-reference.com/cbb/players/andre-roberson-1.html,Andre Roberson,Forward,Colorado,6-7,210lb,2013,2140,,
https://www.sports-reference.com/cbb/players/isaiah-briscoe-1.html,Isaiah Briscoe,Guard,Kentucky,6-3,202lb,2017,2140,,
https://www.sports-reference.com/cbb/players/kevin-murphy-1.html,Kevin Murphy,Guard,Tennessee Tech,6-7,185lb,2012,2142,,
https://www.sports-reference.com/cbb/players/joe-harris--1.html,Joe Harris,Guard,Virginia,6-6,225lb,2014,2143,,
https://www.sports-reference.com/cbb/players/devonte-graham-1.html,Devonte' Graham,Guard,Kansas,6-2,175lb,2018,2144,,
https://www.sports-reference.com/cbb/players/tony-snell-1.html,Tony Snell,Guard,New Mexico,6-7,200lb,2013,2144,,
https://www.sports-reference.com/cbb/players/frank-mason-1.html,Frank Mason,Guard,Kansas,5-11,185lb,2017,2145,,
https://www.sports-reference.com/cbb/players/xavier-henry-1.html,Xavier Henry,Guard,Kansas,6-6,220lb,2010,2145,,
https://www.sports-reference.com/cbb/players/kim-english-1.html,Kim English,Guard,Missouri,6-6,200lb,2012,2146,,
https://www.sports-reference.com/cbb/players/jarell-martin-1.html,Jarell Martin,Forward,LSU,6-10,236lb,2015,2147,,
https://www.sports-reference.com/cbb/players/ben-mclemore-1.html,Ben McLemore,Guard,Kansas,6-5,195lb,2013,2148,,
https://www.sports-reference.com/cbb/players/justin-jackson-4.html,Justin Jackson,Forward,UNC,6-8,193lb,2016,2148,2017,2221
https://www.sports-reference.com/cbb/players/nolan-smith-1.html,Nolan Smith,Guard,Duke,6-2,185lb,2011,2148,,
https://www.sports-reference.com/cbb/players/donovan-mitchell-1.html,Donovan Mitchell,Guard,Louisville,6-3,210lb,2017,2149,,
https://www.sports-reference.com/cbb/players/jajuan-johnson-1.html,JaJuan Johnson,Forward,Purdue,6-10,221lb,2011,2149,,
https://www.sports-reference.com/cbb/players/jon-leuer-1.html,Jon Leuer,Forward,Wisconsin,6-10,228lb,2011,2149,,
https://www.sports-reference.com/cbb/players/deonte-burton-1.html,Deonte Burton,Guard,Nevada,6-1,190lb,2014,2150,,
https://www.sports-reference.com/cbb/players/draymond-green-1.html,Draymond Green,Forward,Michigan State,6-7,230lb,2012,2150,,
https://www.sports-reference.com/cbb/players/rj-hunter-1.html,R.J. Hunter,Guard,Georgia State,6-6,190lb,2015,2150,,
https://www.sports-reference.com/cbb/players/tyshawn-taylor-1.html,Tyshawn Taylor,Guard,Kansas,6-3,185lb,2012,2150,,
https://www.sports-reference.com/cbb/players/darius-miller-1.html,Darius Miller,Guard,Kentucky,6-8,225lb,2012,2151,,
https://www.sports-reference.com/cbb/players/kyle-kuzma-1.html,Kyle Kuzma,Forward,Utah,6-9,190lb,2017,2151,,
https://www.sports-reference.com/cbb/players/adonis-thomas-1.html,Adonis Thomas,Forward,Memphis,6-7,240lb,2013,2152,,
https://www.sports-reference.com/cbb/players/john-jenkins-1.html,John Jenkins,Guard,Vanderbilt,6-4,215lb,2012,2152,,
https://www.sports-reference.com/cbb/players/jermaine-taylor-1.html,Jermaine Taylor,Guard,UCF,6-4,205lb,2009,2153,,
https://www.sports-reference.com/cbb/players/dionte-christmas-1.html,Dionte Christmas,Guard,Temple,6-6,205lb,2009,2155,,
https://www.sports-reference.com/cbb/players/khyri-thomas-1.html,Khyri Thomas,Guard,Creighton,6-3,200lb,2018,2156,,
https://www.sports-reference.com/cbb/players/charles-jenkins-1.html,Charles Jenkins,Guard,Hofstra,6-3,220lb,2011,2158,,
https://www.sports-reference.com/cbb/players/stephen-curry-1.html,Stephen Curry,Guard,Davidson,6-3,185lb,2009,2159,,
https://www.sports-reference.com/cbb/players/brice-johnson-1.html,Brice Johnson,Forward,UNC,6-9,228lb,2016,2160,,
https://www.sports-reference.com/cbb/players/eric-maynor-1.html,Eric Maynor,Guard,VCU,6-2,175lb,2009,2160,,
https://www.sports-reference.com/cbb/players/james-johnson-2.html,James Johnson,Forward,Wake Forest,6-8,245lb,2009,2160,,
https://www.sports-reference.com/cbb/players/michael-qualls-1.html,Michael Qualls,Guard,Arkansas,6-6,210lb,2015,2160,,
https://www.sports-reference.com/cbb/players/jimmy-butler-1.html,Jimmy Butler,Guard,Marquette,6-7,220lb,2011,2161,,
https://www.sports-reference.com/cbb/players/kenny-kadji-1.html,Kenny Kadji,Forward,Florida and Miami (FL),6-11,242lb,2013,2161,,
https://www.sports-reference.com/cbb/players/malachi-richardson-1.html,Malachi Richardson,Guard,Syracuse,6-6,195lb,2016,2163,,
https://www.sports-reference.com/cbb/players/tristan-thompson-2.html,Tristan Thompson,Forward,Texas,6-8,225lb,2011,2164,,
https://www.sports-reference.com/cbb/players/carrick-felix-1.html,Carrick Felix,Guard,Arizona State,6-6,197lb,2013,2166,,
https://www.sports-reference.com/cbb/players/lazar-hayward-1.html,Lazar Hayward,Forward,Marquette,6-6,225lb,2010,2166,,
https://www.sports-reference.com/cbb/players/pj-hairston-1.html,P.J. Hairston,Guard,UNC,6-6,220lb,2014,2166,,
https://www.sports-reference.com/cbb/players/dwight-powell-1.html,Dwight Powell,Forward,Stanford,6-10,240lb,2014,2167,,
https://www.sports-reference.com/cbb/players/kelly-oubre-1.html,Kelly Oubre,Guard,Kansas,6-7,200lb,2015,2167,,
https://www.sports-reference.com/cbb/players/kendall-williams-1.html,Kendall Williams,Guard,New Mexico,6-4,180lb,2014,2167,,
https://www.sports-reference.com/cbb/players/arnett-moultrie-1.html,Arnett Moultrie,Forward,UTEP and Mississippi State,6-11,249lb,2012,2168,,
https://www.sports-reference.com/cbb/players/jaron-blossomgame-1.html,Jaron Blossomgame,Forward,Clemson,6-7,215lb,2016,2168,2017,2089
https://www.sports-reference.com/cbb/players/luke-babbitt-1.html,Luke Babbitt,Forward,Nevada,6-9,225lb,2010,2168,,
https://www.sports-reference.com/cbb/players/trey-burke-1.html,Trey Burke,Guard,Michigan,6-0,190lb,2013,2168,,
https://www.sports-reference.com/cbb/players/cory-joseph-1.html,Cory Joseph,Guard,Texas,6-3,185lb,2011,2169,,
https://www.sports-reference.com/cbb/players/dorian-finney-smith-1.html,Dorian Finney-Smith,Forward,Virginia Tech and Florida,6-8,218lb,2016,2169,,
https://www.sports-reference.com/cbb/players/orlando-johnson-1.html,Orlando Johnson,Guard,Loyola Marymount and UCSB,6-5,205lb,2012,2169,,
https://www.sports-reference.com/cbb/players/chris-singleton-1.html,Chris Singleton,Forward,Florida State,6-9,220lb,2011,2170,,
https://www.sports-reference.com/cbb/players/damian-jones-1.html,Damian Jones,Center,Vanderbilt,6-10,248lb,2016,2170,,
https://www.sports-reference.com/cbb/players/ron-baker-1.html,Ron Baker,Guard,Wichita State,6-4,220lb,2016,2170,,
https://www.sports-reference.com/cbb/players/aaron-craft-1.html,Aaron Craft,Guard,Ohio State,6-2,195lb,2014,2171,,
https://www.sports-reference.com/cbb/players/jevon-carter-1.html,Jevon Carter,Guard,West Virginia,6-2,185lb,2018,2171,,
https://www.sports-reference.com/cbb/players/damian-lillard-1.html,Damian Lillard,Guard,Weber State,6-2,185lb,2012,2173,,
https://www.sports-reference.com/cbb/players/troy-williams-2.html,Troy Williams,Forward,Indiana,6-7,206lb,2016,2173,,
https://www.sports-reference.com/cbb/players/allen-crabbe-1.html,Allen Crabbe,Guard,California,6-6,210lb,2013,2174,,
https://www.sports-reference.com/cbb/players/damion-james-1.html,Damion James,Forward,Texas,6-7,225lb,2010,2174,,
https://www.sports-reference.com/cbb/players/james-young-1.html,James Young,Guard,Kentucky,6-6,215lb,2014,2174,,
https://www.sports-reference.com/cbb/players/maurice-harkless-1.html,Maurice Harkless,Guard,St. John's (NY),6-8,208lb,2012,2174,,
https://www.sports-reference.com/cbb/players/patrick-mccaw-1.html,Patrick McCaw,Guard,UNLV,6-6,180lb,2016,2176,,
https://www.sports-reference.com/cbb/players/tyler-ennis-1.html,Tyler Ennis,Guard,Syracuse,6-2,180lb,2014,2176,,
https://www.sports-reference.com/cbb/players/landry-shamet-1.html,Landry Shamet,Guard,Wichita State,6-4,179lb,2018,2177,,
https://www.sports-reference.com/cbb/players/nigel-williams-goss-1.html,Nigel Williams-Goss,Guard,Washington and Gonzaga,6-3,185lb,2017,2177,,
https://www.sports-reference.com/cbb/players/vince-hunter-1.html,Vince Hunter,Forward,UTEP,6-8,205lb,2015,2177,,
https://www.sports-reference.com/cbb/players/avery-bradley-1.html,Avery Bradley,Guard,Texas,6-2,180lb,2010,2178,,
https://www.sports-reference.com/cbb/players/jahii-carson-1.html,Jahii Carson,Guard,Arizona State,5-10,180lb,2014,2178,,
https://www.sports-reference.com/cbb/players/marcus-thornton-1.html,Marcus Thornton,Guard,LSU,6-4,205lb,2009,2179,,
https://www.sports-reference.com/cbb/players/shabazz-muhammad-1.html,Shabazz Muhammad,Guard,UCLA,6-6,225lb,2013,2180,,
https://www.sports-reference.com/cbb/players/cj-wilcox-1.html,C.J. Wilcox,Guard,Washington,6-5,195lb,2014,2181,,
https://www.sports-reference.com/cbb/players/markel-brown-1.html,Markel Brown,Guard,Oklahoma State,6-3,190lb,2014,2182,,
https://www.sports-reference.com/cbb/players/myck-kabongo-1.html,Myck Kabongo,Guard,Texas,6-1,180lb,2013,2182,,
https://www.sports-reference.com/cbb/players/derrick-williams-2.html,Derrick Williams,Forward,Arizona,6-8,235lb,2011,2183,,
https://www.sports-reference.com/cbb/players/glen-rice-jr-1.html,Glen Rice,Guard,Georgia Tech,6-5,206lb,2013,2183,,
https://www.sports-reference.com/cbb/players/kadeem-allen-1.html,Kadeem Allen,Guard,Arizona,6-3,180lb,2017,2183,,
https://www.sports-reference.com/cbb/players/trevor-booker-1.html,Trevor Booker,Forward,Clemson,6-7,240lb,2010,2183,,
https://www.sports-reference.com/cbb/players/alec-burks-1.html,Alec Burks,Guard,Colorado,6-6,195lb,2011,2184,,
https://www.sports-reference.com/cbb/players/blake-griffin-1.html,Blake Griffin,Forward,Oklahoma,6-10,251lb,2009,2184,,
https://www.sports-reference.com/cbb/players/cameron-payne-1.html,Cameron Payne,Guard,Murray State,6-2,180lb,2015,2184,,
https://www.sports-reference.com/cbb/players/jeffery-taylor-1.html,Jeffery Taylor,Forward,Vanderbilt,6-7,225lb,2012,2184,,
https://www.sports-reference.com/cbb/players/tyler-smith-3.html,Tyler Smith,Forward,Iowa and Tennessee,6-7,215lb,2009,2184,,
https://www.sports-reference.com/cbb/players/michael-gbinije-1.html,Michael Gbinije,Forward,Duke and Syracuse,6-7,200lb,2016,2185,,
https://www.sports-reference.com/cbb/players/patrick-mills-1.html,Patrick Mills,Guard,Saint Mary's,6-0,180lb,2009,2185,,
https://www.sports-reference.com/cbb/players/wesley-johnson-1.html,Wesley Johnson,Forward,Charleston Southern,6-8,210lb,2010,2185,,
https://www.sports-reference.com/cbb/players/chase-budinger-1.html,Chase Budinger,Forward,Arizona,6-7,218lb,2009,2186,,
https://www.sports-reference.com/cbb/players/malcolm-lee-1.html,Malcolm Lee,Guard,UCLA,6-5,180lb,2011,2187,,
https://www.sports-reference.com/cbb/players/derrick-brown-1.html,Derrick Brown,Forward,Xavier,6-8,227lb,2009,2188,,
https://www.sports-reference.com/cbb/players/terrence-williams-1.html,Terrence Williams,Forward,Louisville,6-6,220lb,2009,2189,,
https://www.sports-reference.com/cbb/players/damyean-dotson-1.html,Damyean Dotson,Guard,Oregon and Houston,6-5,209lb,2017,2190,,
https://www.sports-reference.com/cbb/players/elfrid-payton-1.html,Elfrid Payton,Guard,Louisiana,6-3,180lb,2014,2190,,
https://www.sports-reference.com/cbb/players/dajuan-summers-1.html,DaJuan Summers,Forward,Georgetown,6-8,236lb,2009,2191,,
https://www.sports-reference.com/cbb/players/nik-stauskas-1.html,Nik Stauskas,Guard,Michigan,6-6,205lb,2014,2191,,
https://www.sports-reference.com/cbb/players/deandre-bembry-1.html,DeAndre Bembry,Forward,St. Joseph's,6-6,210lb,2016,2194,,
https://www.sports-reference.com/cbb/players/george-king-1.html,George King,Guard,Colorado,6-6,220lb,2018,2194,,
https://www.sports-reference.com/cbb/players/armon-johnson-1.html,Armon Johnson,Guard,Nevada,6-3,195lb,2010,2195,,
https://www.sports-reference.com/cbb/players/cj-mccollum-1.html,C.J. McCollum,Guard,Lehigh,6-3,180lb,2013,2195,,
https://www.sports-reference.com/cbb/players/gerald-henderson-2.html,Gerald Henderson,Guard,Duke,6-5,215lb,2009,2195,,
https://www.sports-reference.com/cbb/players/jeff-teague-1.html,Jeff Teague,Guard,Wake Forest,6-2,180lb,2009,2195,,
https://www.sports-reference.com/cbb/players/jrue-holiday-1.html,Jrue Holiday,Guard,UCLA,6-3,180lb,2009,2195,,
https://www.sports-reference.com/cbb/players/marshon-brooks-1.html,Marshon Brooks,Guard,Providence,6-5,200lb,2011,2195,,
https://www.sports-reference.com/cbb/players/thomas-robinson-2.html,Thomas Robinson,Forward,Kansas,6-9,237lb,2012,2195,,
https://www.sports-reference.com/cbb/players/jp-tokoto-1.html,J.P. Tokoto,Forward,UNC,6-6,200lb,2015,2196,,
https://www.sports-reference.com/cbb/players/wayne-ellington-1.html,Wayne Ellington,Guard,UNC,6-4,200lb,2009,2196,,
https://www.sports-reference.com/cbb/players/solomon-hill-1.html,Solomon Hill,Forward,Arizona,6-7,220lb,2013,2197,,
https://www.sports-reference.com/cbb/players/perry-jones-1.html,Perry Jones,Forward,Baylor,6-11,235lb,2012,2199,,
https://www.sports-reference.com/cbb/players/jake-layman-1.html,Jake Layman,Forward,Maryland,6-9,205lb,2016,2202,,
https://www.sports-reference.com/cbb/players/rondae-hollis-jefferson-1.html,Rondae Hollis-Jefferson,Forward,Arizona,6-7,215lb,2015,2204,,
https://www.sports-reference.com/cbb/players/marcus-smart-1.html,Marcus Smart,Guard,Oklahoma State,6-4,220lb,2014,2206,,
https://www.sports-reference.com/cbb/players/jalen-brunson-1.html,Jalen Brunson,Guard,Villanova,6-3,199lb,2018,2207,,
https://www.sports-reference.com/cbb/players/brandon-knight-1.html,Brandon Knight,Guard,Kentucky,6-3,185lb,2011,2208,,
https://www.sports-reference.com/cbb/players/ray-mccallum-2.html,Ray McCallum,Guard,Detroit,6-3,190lb,2013,2208,,
https://www.sports-reference.com/cbb/players/ty-lawson-1.html,Ty Lawson,Guard,UNC,5-11,195lb,2009,2210,,
https://www.sports-reference.com/cbb/players/brandon-paul-1.html,Brandon Paul,Guard,Illinois,6-4,200lb,2013,2211,,
https://www.sports-reference.com/cbb/players/melo-trimble-1.html,Melo Trimble,Guard,Maryland,6-3,190lb,2016,2211,2017,2126
https://www.sports-reference.com/cbb/players/ryan-boatright-1.html,Ryan Boatright,Guard,UConn,6-0,175lb,2015,2212,,
https://www.sports-reference.com/cbb/players/mason-plumlee-1.html,Mason Plumlee,Forward,Duke,6-10,235lb,2013,2213,,
https://www.sports-reference.com/cbb/players/melvin-frazier-1.html,Melvin Frazier,Guard,Tulane,6-5,200lb,2018,2213,,
https://www.sports-reference.com/cbb/players/david-lighty-1.html,David Lighty,Guard,Ohio State,6-5,220lb,2011,2214,,
https://www.sports-reference.com/cbb/players/dezmine-wells-1.html,Dez Wells,Guard,Xavier and Maryland,6-5,215lb,2015,2214,,
https://www.sports-reference.com/cbb/players/james-harden-1.html,James Harden,Guard,Arizona State,6-5,218lb,2009,2214,,
https://www.sports-reference.com/cbb/players/jodie-meeks-1.html,Jodie Meeks,Guard,Kentucky,6-5,208lb,2009,2215,,
https://www.sports-reference.com/cbb/players/perry-ellis-1.html,Perry Ellis,Forward,Kansas,6-8,225lb,2016,2215,,
https://www.sports-reference.com/cbb/players/quincy-acy-1.html,Quincy Acy,Forward,Baylor,6-7,235lb,2012,2215,,
https://www.sports-reference.com/cbb/players/tyler-dorsey-1.html,Tyler Dorsey,Guard,Oregon,6-4,180lb,2017,2215,,
https://www.sports-reference.com/cbb/players/isaiah-cousins-1.html,Isaiah Cousins,Guard,Oklahoma,6-4,187lb,2016,2216,,
https://www.sports-reference.com/cbb/players/gary-trentjr-1.html,Gary Trent Jr.,Guard,Duke,6-6,209lb,2018,2218,,
https://www.sports-reference.com/cbb/players/jordan-clarkson-1.html,Jordan Clarkson,Guard,Tulsa and Missouri,6-5,193lb,2014,2219,,
https://www.sports-reference.com/cbb/players/norman-powell-1.html,Norman Powell,Guard,UCLA,6-4,215lb,2015,2219,,
https://www.sports-reference.com/cbb/players/larry-nance-2.html,Larry Nance,Forward,Wyoming,6-8,235lb,2015,2220,,
https://www.sports-reference.com/cbb/players/miles-plumlee-1.html,Miles Plumlee,Forward,Duke,6-10,245lb,2012,2220,,
https://www.sports-reference.com/cbb/players/joseph-young-1.html,Joe Young,Guard,Houston and Oregon,6-2,185lb,2015,2222,,
https://www.sports-reference.com/cbb/players/josh-selby-1.html,Josh Selby,Guard,Kansas,6-2,183lb,2011,2222,,
https://www.sports-reference.com/cbb/players/tim-hardaway-jr-1.html,Tim Hardaway,Guard,Michigan,6-6,205lb,2013,2222,,
https://www.sports-reference.com/cbb/players/cody-martin-1.html,Cody Martin,Forward,NC State and Nevada,6-7,205lb,2018,2224,,
https://www.sports-reference.com/cbb/players/terrico-white-1.html,Terrico White,Guard,Ole Miss,6-5,213lb,2010,2224,,
https://www.sports-reference.com/cbb/players/jerel-mcneal-1.html,Jerel McNeal,Guard,Marquette,6-3,200lb,2009,2226,,
https://www.sports-reference.com/cbb/players/deandre-kane-1.html,DeAndre Kane,Guard,Marshall and Iowa State,6-4,200lb,2014,2227,,
https://www.sports-reference.com/cbb/players/kemba-walker-1.html,Kemba Walker,Guard,UConn,6-1,172lb,2011,2227,,
https://www.sports-reference.com/cbb/players/iman-shumpert-1.html,Iman Shumpert,Guard,Georgia Tech,6-5,212lb,2011,2228,,
https://www.sports-reference.com/cbb/players/pj-dozier-1.html,PJ Dozier,Guard,South Carolina,6-7,185lb,2017,2228,,
https://www.sports-reference.com/cbb/players/victor-oladipo-1.html,Victor Oladipo,Guard,Indiana,6-5,214lb,2013,2228,,
https://www.sports-reference.com/cbb/players/cleanthony-early-1.html,Cleanthony Early,Forward,Wichita State,6-8,219lb,2014,2230,,
https://www.sports-reference.com/cbb/players/derrick-white-1.html,Derrick White,Guard,Colorado,6-5,193lb,2017,2230,,
https://www.sports-reference.com/cbb/players/frank-jackson-2.html,Frank Jackson,Guard,Duke,6-3,205lb,2017,2231,,
https://www.sports-reference.com/cbb/players/kentavious-caldwell-pope-1.html,Kentavious Caldwell-Pope,Guard,Georgia,6-5,205lb,2013,2231,,
https://www.sports-reference.com/cbb/players/taurean-prince-1.html,Taurean Prince,Forward,Baylor,6-7,215lb,2016,2231,,
https://www.sports-reference.com/cbb/players/toney-douglas-1.html,Toney Douglas,Guard,Auburn and Florida State,6-1,205lb,2009,2231,,
https://www.sports-reference.com/cbb/players/trevon-duval-1.html,Trevon Duval,Guard,Duke,6-3,186lb,2018,2232,,
https://www.sports-reference.com/cbb/players/bradley-beal-1.html,Bradley Beal,Guard,Florida,6-3,207lb,2012,2233,,
https://www.sports-reference.com/cbb/players/jimmer-fredette-1.html,Jimmer Fredette,Guard,BYU,6-2,195lb,2011,2233,,
https://www.sports-reference.com/cbb/players/marquis-teague-1.html,Marquis Teague,Guard,Kentucky,6-2,189lb,2012,2234,,
https://www.sports-reference.com/cbb/players/tyler-ulis-1.html,Tyler Ulis,Guard,Kentucky,5-9,155lb,2016,2234,,
https://www.sports-reference.com/cbb/players/allonzo-trier-1.html,Allonzo Trier,Guard,Arizona,6-4,190lb,2018,2235,,
https://www.sports-reference.com/cbb/players/phil-pressey-1.html,Phil Pressey,Guard,Missouri,5-11,175lb,2013,2235,,
https://www.sports-reference.com/cbb/players/kahlil-felder-1.html,Kay Felder,Guard,Oakland,5-9,180lb,2016,2236,,
https://www.sports-reference.com/cbb/players/malcolm-brogdon-1.html,Malcolm Brogdon,Guard,Virginia,6-5,217lb,2016,2236,,
https://www.sports-reference.com/cbb/players/michael-carter-williams-1.html,Michael Carter-Williams,Guard,Syracuse,6-6,185lb,2013,2236,,
https://www.sports-reference.com/cbb/players/glenn-robinson-2.html,Glenn Robinson,Forward,Michigan,6-6,220lb,2014,2238,,
https://www.sports-reference.com/cbb/players/kevin-huerter-1.html,Kevin Huerter,Guard,Maryland,6-7,190lb,2018,2238,,
https://www.sports-reference.com/cbb/players/zhaire-smith-1.html,Zhaire Smith,Guard,Texas Tech,6-5,195lb,2018,2238,,
https://www.sports-reference.com/cbb/players/devin-booker-2.html,Devin Booker,Guard,Kentucky,6-6,206lb,2015,2240,,
https://www.sports-reference.com/cbb/players/travis-leslie-1.html,Travis Leslie,Guard,Georgia,6-4,205lb,2011,2241,,
https://www.sports-reference.com/cbb/players/jonny-flynn-1.html,Jonny Flynn,Guard,Syracuse,6-0,185lb,2009,2244,,
https://www.sports-reference.com/cbb/players/nick-johnson-1.html,Nick Johnson,Guard,Arizona,6-3,200lb,2014,2244,,
https://www.sports-reference.com/cbb/players/jordan-taylor-1.html,Jordan Taylor,Guard,Wisconsin,6-1,195lb,2012,2247,,
https://www.sports-reference.com/cbb/players/tyus-battle-1.html,Tyus Battle,Guard,Syracuse,6-6,205lb,2018,2247,,
https://www.sports-reference.com/cbb/players/andrew-goudelock-1.html,Andrew Goudelock,Guard,College of Charleston,6-2,200lb,2011,2248,,
https://www.sports-reference.com/cbb/players/jack-mcclinton-1.html,Jack McClinton,Guard,Siena and Miami (FL),6-1,185lb,2009,2248,,
https://www.sports-reference.com/cbb/players/isaiah-canaan-1.html,Isaiah Canaan,Guard,Murray State,6-1,195lb,2013,2250,,
https://www.sports-reference.com/cbb/players/wade-baldwin-1.html,Wade Baldwin,Guard,Vanderbilt,6-3,195lb,2016,2251,,
https://www.sports-reference.com/cbb/players/demetrius-jackson-2.html,Demetrius Jackson,Guard,Notre Dame,6-1,198lb,2016,2252,,
https://www.sports-reference.com/cbb/players/semi-ojeleye-1.html,Semi Ojeleye,Forward,Duke and SMU,6-8,230lb,2017,2253,,
https://www.sports-reference.com/cbb/players/tony-wroten-1.html,Tony Wroten,Guard,Washington,6-5,205lb,2012,2253,,
https://www.sports-reference.com/cbb/players/aaron-gordon-1.html,Aaron Gordon,Forward,Arizona,6-9,225lb,2014,2254,,
https://www.sports-reference.com/cbb/players/terry-rozier-1.html,Terry Rozier,Guard,Louisville,6-1,190lb,2015,2255,,
https://www.sports-reference.com/cbb/players/caleb-martin-1.html,Caleb Martin,Forward,NC State and Nevada,6-7,205lb,2018,2257,,
https://www.sports-reference.com/cbb/players/jordan-bell-1.html,Jordan Bell,Forward,Oregon,6-7,190lb,2017,2257,,
https://www.sports-reference.com/cbb/players/harrison-barnes-1.html,Harrison Barnes,Forward,UNC,6-8,215lb,2012,2258,,
https://www.sports-reference.com/cbb/players/josh-okogie-1.html,Josh Okogie,Guard,Georgia Tech,6-4,207lb,2018,2258,,
https://www.sports-reference.com/cbb/players/darren-collison-1.html,Darren Collison,Guard,UCLA,6-1,160lb,2009,2261,,
https://www.sports-reference.com/cbb/players/pat-connaughton-1.html,Pat Connaughton,Guard,Notre Dame,6-5,218lb,2015,2262,,
https://www.sports-reference.com/cbb/players/norris-cole-1.html,Norris Cole,Guard,Cleveland State,6-2,170lb,2011,2263,,
https://www.sports-reference.com/cbb/players/donte-divincenzo-1.html,Donte DiVincenzo,Guard,Villanova,6-5,200lb,2018,2266,,
https://www.sports-reference.com/cbb/players/isaiah-thomas-1.html,Isaiah Thomas,Guard,Washington,5-8,185lb,2011,2268,,
https://www.sports-reference.com/cbb/players/cody-zeller-1.html,Cody Zeller,Forward,Indiana,7-0,240lb,2013,2270,,
https://www.sports-reference.com/cbb/players/darius-johnson-odom-1.html,Darius Johnson-Odom,Guard,Marquette,6-2,215lb,2012,2274,,
https://www.sports-reference.com/cbb/players/john-wall-1.html,John Wall,Guard,Kentucky,6-4,195lb,2010,2274,,
https://www.sports-reference.com/cbb/players/lonnie-walker-2.html,Lonnie Walker,Guard,Miami (FL),6-4,192lb,2018,2274,,
https://www.sports-reference.com/cbb/players/justin-anderson-1.html,Justin Anderson,Guard,Virginia,6-6,227lb,2015,2278,,
https://www.sports-reference.com/cbb/players/vander-blue-1.html,Vander Blue,Guard,Marquette,6-4,200lb,2013,2279,,
https://www.sports-reference.com/cbb/players/grayson-allen-1.html,Grayson Allen,Guard,Duke,6-4,195lb,2018,2285,,
https://www.sports-reference.com/cbb/players/marcus-denmon-1.html,Marcus Denmon,Guard,Missouri,6-3,185lb,2012,2285,,
https://www.sports-reference.com/cbb/players/marcus-paige-1.html,Marcus Paige,Guard,UNC,6-1,175lb,2016,2285,,
https://www.sports-reference.com/cbb/players/keifer-sykes-1.html,Keifer Sykes,Guard,Green Bay,6-0,180lb,2015,2291,,
https://www.sports-reference.com/cbb/players/peyton-siva-1.html,Peyton Siva,Guard,Louisville,6-0,185lb,2013,2291,,
https://www.sports-reference.com/cbb/players/marcus-thornton-3.html,Marcus Thornton,Guard,William & Mary,6-4,190lb,2015,2292,,
https://www.sports-reference.com/cbb/players/chasson-randle-1.html,Chasson Randle,Guard,Stanford,6-2,185lb,2015,2299,,
https://www.sports-reference.com/cbb/players/sheldon-mcclellan-1.html,Sheldon McClellan,Guard,Texas and Miami (FL),6-5,206lb,2016,2310,,
https://www.sports-reference.com/cbb/players/zach-lavine-1.html,Zach LaVine,Guard,UCLA,6-5,180lb,2014,2316,,
https://www.sports-reference.com/cbb/players/hamidou-diallo-1.html,Hamidou Diallo,Guard,Kentucky,6-5,190lb,2017,2318,2018,2258
https://www.sports-reference.com/cbb/players/shane-larkin-1.html,Shane Larkin,Guard,Miami (FL),5-11,176lb,2013,2322,,
https://www.sports-reference.com/cbb/players/joel-bolomboy-1.html,Joel Bolomboy,Forward,Weber State,6-9,230lb,2016,2339,,
https://www.sports-reference.com/cbb/players/cj-leslie-1.html,C.J. Leslie,Forward,NC State,6-9,200lb,2013,2364,,